additional_underlyings,cfi,contract_type,correction,exercise_style,expiration_date,primary_exchange,shares_per_contract,strike_price,ticker,underlying_ticker
,OCASPS,call,,american,2025-09-19,BATO,100,55,O:A250919C00055000,A
,OCASPS,call,,american,2025-09-19,BATO,100,60,O:A250919C00060000,A
,OCASPS,call,,american,2025-09-19,BATO,100,65,O:A250919C00065000,A
,OCASPS,call,,american,2025-09-19,BATO,100,70,O:A250919C00070000,A
,OCASPS,call,,american,2025-09-19,BATO,100,75,O:A250919C00075000,A
,OCASPS,call,,american,2025-09-19,BATO,100,80,O:A250919C00080000,A
,OCASPS,call,,american,2025-09-19,BATO,100,85,O:A250919C00085000,A
,OCASPS,call,,american,2025-09-19,BATO,100,90,O:A250919C00090000,A
,OCASPS,call,,american,2025-09-19,BATO,100,95,O:A250919C00095000,A
,OCASPS,call,,american,2025-09-19,BATO,100,100,O:A250919C00100000,A
,OCASPS,call,,american,2025-09-19,BATO,100,105,O:A250919C00105000,A
,OCASPS,call,,american,2025-09-19,BATO,100,110,O:A250919C00110000,A
,OCASPS,call,,american,2025-09-19,BATO,100,115,O:A250919C00115000,A
,OCASPS,call,,american,2025-09-19,BATO,100,120,O:A250919C00120000,A
,OCASPS,call,,american,2025-09-19,BATO,100,125,O:A250919C00125000,A
,OCASPS,call,,american,2025-09-19,BATO,100,130,O:A250919C00130000,A
,OCASPS,call,,american,2025-09-19,BATO,100,135,O:A250919C00135000,A
,OCASPS,call,,american,2025-09-19,BATO,100,140,O:A250919C00140000,A
,OCASPS,call,,american,2025-09-19,BATO,100,145,O:A250919C00145000,A
,OCASPS,call,,american,2025-09-19,BATO,100,150,O:A250919C00150000,A
,OCASPS,call,,american,2025-09-19,BATO,100,155,O:A250919C00155000,A
,OCASPS,call,,american,2025-09-19,BATO,100,160,O:A250919C00160000,A
,OCASPS,call,,american,2025-09-19,BATO,100,165,O:A250919C00165000,A
,OCASPS,call,,american,2025-09-19,BATO,100,170,O:A250919C00170000,A
,OCASPS,call,,american,2025-09-19,BATO,100,175,O:A250919C00175000,A
,OCASPS,call,,american,2025-09-19,BATO,100,180,O:A250919C00180000,A
,OCASPS,call,,american,2025-09-19,BATO,100,185,O:A250919C00185000,A
,OCASPS,call,,american,2025-09-19,BATO,100,190,O:A250919C00190000,A
,OCASPS,call,,american,2025-09-19,BATO,100,195,O:A250919C00195000,A
,OCASPS,call,,american,2025-09-19,BATO,100,200,O:A250919C00200000,A
,OCASPS,call,,american,2025-09-19,BATO,100,210,O:A250919C00210000,A
,OCASPS,call,,american,2025-09-19,BATO,100,220,O:A250919C00220000,A
,OPASPS,put,,american,2025-09-19,BATO,100,55,O:A250919P00055000,A
,OPASPS,put,,american,2025-09-19,BATO,100,60,O:A250919P00060000,A
,OPASPS,put,,american,2025-09-19,BATO,100,65,O:A250919P00065000,A
,OPASPS,put,,american,2025-09-19,BATO,100,70,O:A250919P00070000,A
,OPASPS,put,,american,2025-09-19,BATO,100,75,O:A250919P00075000,A
,OPASPS,put,,american,2025-09-19,BATO,100,80,O:A250919P00080000,A
,OPASPS,put,,american,2025-09-19,BATO,100,85,O:A250919P00085000,A
,OPASPS,put,,american,2025-09-19,BATO,100,90,O:A250919P00090000,A
,OPASPS,put,,american,2025-09-19,BATO,100,95,O:A250919P00095000,A
,OPASPS,put,,american,2025-09-19,BATO,100,100,O:A250919P00100000,A
,OPASPS,put,,american,2025-09-19,BATO,100,105,O:A250919P00105000,A
,OPASPS,put,,american,2025-09-19,BATO,100,110,O:A250919P00110000,A
,OPASPS,put,,american,2025-09-19,BATO,100,115,O:A250919P00115000,A
,OPASPS,put,,american,2025-09-19,BATO,100,120,O:A250919P00120000,A
,OPASPS,put,,american,2025-09-19,BATO,100,125,O:A250919P00125000,A
,OPASPS,put,,american,2025-09-19,BATO,100,130,O:A250919P00130000,A
,OPASPS,put,,american,2025-09-19,BATO,100,135,O:A250919P00135000,A
,OPASPS,put,,american,2025-09-19,BATO,100,140,O:A250919P00140000,A
,OPASPS,put,,american,2025-09-19,BATO,100,145,O:A250919P00145000,A
,OPASPS,put,,american,2025-09-19,BATO,100,150,O:A250919P00150000,A
,OPASPS,put,,american,2025-09-19,BATO,100,155,O:A250919P00155000,A
,OPASPS,put,,american,2025-09-19,BATO,100,160,O:A250919P00160000,A
,OPASPS,put,,american,2025-09-19,BATO,100,165,O:A250919P00165000,A
,OPASPS,put,,american,2025-09-19,BATO,100,170,O:A250919P00170000,A
,OPASPS,put,,american,2025-09-19,BATO,100,175,O:A250919P00175000,A
,OPASPS,put,,american,2025-09-19,BATO,100,180,O:A250919P00180000,A
,OPASPS,put,,american,2025-09-19,BATO,100,185,O:A250919P00185000,A
,OPASPS,put,,american,2025-09-19,BATO,100,190,O:A250919P00190000,A
,OPASPS,put,,american,2025-09-19,BATO,100,195,O:A250919P00195000,A
,OPASPS,put,,american,2025-09-19,BATO,100,200,O:A250919P00200000,A
,OPASPS,put,,american,2025-09-19,BATO,100,210,O:A250919P00210000,A
,OPASPS,put,,american,2025-09-19,BATO,100,220,O:A250919P00220000,A
,OCASPS,call,,american,2025-10-17,BATO,100,60,O:A251017C00060000,A
,OCASPS,call,,american,2025-10-17,BATO,100,65,O:A251017C00065000,A
,OCASPS,call,,american,2025-10-17,BATO,100,70,O:A251017C00070000,A
,OCASPS,call,,american,2025-10-17,BATO,100,75,O:A251017C00075000,A
,OCASPS,call,,american,2025-10-17,BATO,100,80,O:A251017C00080000,A
,OCASPS,call,,american,2025-10-17,BATO,100,85,O:A251017C00085000,A
,OCASPS,call,,american,2025-10-17,BATO,100,90,O:A251017C00090000,A
,OCASPS,call,,american,2025-10-17,BATO,100,95,O:A251017C00095000,A
,OCASPS,call,,american,2025-10-17,BATO,100,100,O:A251017C00100000,A
,OCASPS,call,,american,2025-10-17,BATO,100,105,O:A251017C00105000,A
,OCASPS,call,,american,2025-10-17,BATO,100,110,O:A251017C00110000,A
,OCASPS,call,,american,2025-10-17,BATO,100,115,O:A251017C00115000,A
,OCASPS,call,,american,2025-10-17,BATO,100,120,O:A251017C00120000,A
,OCASPS,call,,american,2025-10-17,BATO,100,125,O:A251017C00125000,A
,OCASPS,call,,american,2025-10-17,BATO,100,130,O:A251017C00130000,A
,OCASPS,call,,american,2025-10-17,BATO,100,135,O:A251017C00135000,A
,OCASPS,call,,american,2025-10-17,BATO,100,140,O:A251017C00140000,A
,OCASPS,call,,american,2025-10-17,BATO,100,145,O:A251017C00145000,A
,OCASPS,call,,american,2025-10-17,BATO,100,150,O:A251017C00150000,A
,OCASPS,call,,american,2025-10-17,BATO,100,155,O:A251017C00155000,A
,OCASPS,call,,american,2025-10-17,BATO,100,160,O:A251017C00160000,A
,OCASPS,call,,american,2025-10-17,BATO,100,165,O:A251017C00165000,A
,OCASPS,call,,american,2025-10-17,BATO,100,170,O:A251017C00170000,A
,OCASPS,call,,american,2025-10-17,BATO,100,175,O:A251017C00175000,A
,OCASPS,call,,american,2025-10-17,BATO,100,180,O:A251017C00180000,A
,OPASPS,put,,american,2025-10-17,BATO,100,60,O:A251017P00060000,A
,OPASPS,put,,american,2025-10-17,BATO,100,65,O:A251017P00065000,A
,OPASPS,put,,american,2025-10-17,BATO,100,70,O:A251017P00070000,A
,OPASPS,put,,american,2025-10-17,BATO,100,75,O:A251017P00075000,A
,OPASPS,put,,american,2025-10-17,BATO,100,80,O:A251017P00080000,A
,OPASPS,put,,american,2025-10-17,BATO,100,85,O:A251017P00085000,A
,OPASPS,put,,american,2025-10-17,BATO,100,90,O:A251017P00090000,A
,OPASPS,put,,american,2025-10-17,BATO,100,95,O:A251017P00095000,A
,OPASPS,put,,american,2025-10-17,BATO,100,100,O:A251017P00100000,A
,OPASPS,put,,american,2025-10-17,BATO,100,105,O:A251017P00105000,A
,OPASPS,put,,american,2025-10-17,BATO,100,110,O:A251017P00110000,A
,OPASPS,put,,american,2025-10-17,BATO,100,115,O:A251017P00115000,A
,OPASPS,put,,american,2025-10-17,BATO,100,120,O:A251017P00120000,A
,OPASPS,put,,american,2025-10-17,BATO,100,125,O:A251017P00125000,A
,OPASPS,put,,american,2025-10-17,BATO,100,130,O:A251017P00130000,A
,OPASPS,put,,american,2025-10-17,BATO,100,135,O:A251017P00135000,A
,OPASPS,put,,american,2025-10-17,BATO,100,140,O:A251017P00140000,A
,OPASPS,put,,american,2025-10-17,BATO,100,145,O:A251017P00145000,A
,OPASPS,put,,american,2025-10-17,BATO,100,150,O:A251017P00150000,A
,OPASPS,put,,american,2025-10-17,BATO,100,155,O:A251017P00155000,A
,OPASPS,put,,american,2025-10-17,BATO,100,160,O:A251017P00160000,A
,OPASPS,put,,american,2025-10-17,BATO,100,165,O:A251017P00165000,A
,OPASPS,put,,american,2025-10-17,BATO,100,170,O:A251017P00170000,A
,OPASPS,put,,american,2025-10-17,BATO,100,175,O:A251017P00175000,A
,OPASPS,put,,american,2025-10-17,BATO,100,180,O:A251017P00180000,A
,OCASPS,call,,american,2025-11-21,BATO,100,55,O:A251121C00055000,A
,OCASPS,call,,american,2025-11-21,BATO,100,60,O:A251121C00060000,A
,OCASPS,call,,american,2025-11-21,BATO,100,65,O:A251121C00065000,A
,OCASPS,call,,american,2025-11-21,BATO,100,70,O:A251121C00070000,A
,OCASPS,call,,american,2025-11-21,BATO,100,75,O:A251121C00075000,A
,OCASPS,call,,american,2025-11-21,BATO,100,80,O:A251121C00080000,A
,OCASPS,call,,american,2025-11-21,BATO,100,85,O:A251121C00085000,A
,OCASPS,call,,american,2025-11-21,BATO,100,90,O:A251121C00090000,A
,OCASPS,call,,american,2025-11-21,BATO,100,95,O:A251121C00095000,A
,OCASPS,call,,american,2025-11-21,BATO,100,100,O:A251121C00100000,A
,OCASPS,call,,american,2025-11-21,BATO,100,105,O:A251121C00105000,A
,OCASPS,call,,american,2025-11-21,BATO,100,110,O:A251121C00110000,A
,OCASPS,call,,american,2025-11-21,BATO,100,115,O:A251121C00115000,A
,OCASPS,call,,american,2025-11-21,BATO,100,120,O:A251121C00120000,A
,OCASPS,call,,american,2025-11-21,BATO,100,125,O:A251121C00125000,A
,OCASPS,call,,american,2025-11-21,BATO,100,130,O:A251121C00130000,A
,OCASPS,call,,american,2025-11-21,BATO,100,135,O:A251121C00135000,A
,OCASPS,call,,american,2025-11-21,BATO,100,140,O:A251121C00140000,A
,OCASPS,call,,american,2025-11-21,BATO,100,145,O:A251121C00145000,A
,OCASPS,call,,american,2025-11-21,BATO,100,150,O:A251121C00150000,A
,OCASPS,call,,american,2025-11-21,BATO,100,155,O:A251121C00155000,A
,OCASPS,call,,american,2025-11-21,BATO,100,160,O:A251121C00160000,A
,OCASPS,call,,american,2025-11-21,BATO,100,165,O:A251121C00165000,A
,OCASPS,call,,american,2025-11-21,BATO,100,170,O:A251121C00170000,A
,OCASPS,call,,american,2025-11-21,BATO,100,175,O:A251121C00175000,A
,OPASPS,put,,american,2025-11-21,BATO,100,55,O:A251121P00055000,A
,OPASPS,put,,american,2025-11-21,BATO,100,60,O:A251121P00060000,A
,OPASPS,put,,american,2025-11-21,BATO,100,65,O:A251121P00065000,A
,OPASPS,put,,american,2025-11-21,BATO,100,70,O:A251121P00070000,A
,OPASPS,put,,american,2025-11-21,BATO,100,75,O:A251121P00075000,A
,OPASPS,put,,american,2025-11-21,BATO,100,80,O:A251121P00080000,A
,OPASPS,put,,american,2025-11-21,BATO,100,85,O:A251121P00085000,A
,OPASPS,put,,american,2025-11-21,BATO,100,90,O:A251121P00090000,A
,OPASPS,put,,american,2025-11-21,BATO,100,95,O:A251121P00095000,A
,OPASPS,put,,american,2025-11-21,BATO,100,100,O:A251121P00100000,A
,OPASPS,put,,american,2025-11-21,BATO,100,105,O:A251121P00105000,A
,OPASPS,put,,american,2025-11-21,BATO,100,110,O:A251121P00110000,A
,OPASPS,put,,american,2025-11-21,BATO,100,115,O:A251121P00115000,A
,OPASPS,put,,american,2025-11-21,BATO,100,120,O:A251121P00120000,A
,OPASPS,put,,american,2025-11-21,BATO,100,125,O:A251121P00125000,A
,OPASPS,put,,american,2025-11-21,BATO,100,130,O:A251121P00130000,A
,OPASPS,put,,american,2025-11-21,BATO,100,135,O:A251121P00135000,A
,OPASPS,put,,american,2025-11-21,BATO,100,140,O:A251121P00140000,A
,OPASPS,put,,american,2025-11-21,BATO,100,145,O:A251121P00145000,A
,OPASPS,put,,american,2025-11-21,BATO,100,150,O:A251121P00150000,A
,OPASPS,put,,american,2025-11-21,BATO,100,155,O:A251121P00155000,A
,OPASPS,put,,american,2025-11-21,BATO,100,160,O:A251121P00160000,A
,OPASPS,put,,american,2025-11-21,BATO,100,165,O:A251121P00165000,A
,OPASPS,put,,american,2025-11-21,BATO,100,170,O:A251121P00170000,A
,OPASPS,put,,american,2025-11-21,BATO,100,175,O:A251121P00175000,A
,OCASPS,call,,american,2026-01-16,BATO,100,55,O:A260116C00055000,A
,OCASPS,call,,american,2026-01-16,BATO,100,60,O:A260116C00060000,A
,OCASPS,call,,american,2026-01-16,BATO,100,65,O:A260116C00065000,A
,OCASPS,call,,american,2026-01-16,BATO,100,70,O:A260116C00070000,A
,OCASPS,call,,american,2026-01-16,BATO,100,75,O:A260116C00075000,A
,OCASPS,call,,american,2026-01-16,BATO,100,80,O:A260116C00080000,A
,OCASPS,call,,american,2026-01-16,BATO,100,85,O:A260116C00085000,A
,OCASPS,call,,american,2026-01-16,BATO,100,90,O:A260116C00090000,A
,OCASPS,call,,american,2026-01-16,BATO,100,95,O:A260116C00095000,A
,OCASPS,call,,american,2026-01-16,BATO,100,100,O:A260116C00100000,A
,OCASPS,call,,american,2026-01-16,BATO,100,105,O:A260116C00105000,A
,OCASPS,call,,american,2026-01-16,BATO,100,110,O:A260116C00110000,A
,OCASPS,call,,american,2026-01-16,BATO,100,115,O:A260116C00115000,A
,OCASPS,call,,american,2026-01-16,BATO,100,120,O:A260116C00120000,A
,OCASPS,call,,american,2026-01-16,BATO,100,125,O:A260116C00125000,A
,OCASPS,call,,american,2026-01-16,BATO,100,130,O:A260116C00130000,A
,OCASPS,call,,american,2026-01-16,BATO,100,135,O:A260116C00135000,A
,OCASPS,call,,american,2026-01-16,BATO,100,140,O:A260116C00140000,A
,OCASPS,call,,american,2026-01-16,BATO,100,145,O:A260116C00145000,A
,OCASPS,call,,american,2026-01-16,BATO,100,150,O:A260116C00150000,A
,OCASPS,call,,american,2026-01-16,BATO,100,155,O:A260116C00155000,A
,OCASPS,call,,american,2026-01-16,BATO,100,160,O:A260116C00160000,A
,OCASPS,call,,american,2026-01-16,BATO,100,165,O:A260116C00165000,A
,OCASPS,call,,american,2026-01-16,BATO,100,170,O:A260116C00170000,A
,OCASPS,call,,american,2026-01-16,BATO,100,175,O:A260116C00175000,A
,OCASPS,call,,american,2026-01-16,BATO,100,180,O:A260116C00180000,A
,OCASPS,call,,american,2026-01-16,BATO,100,185,O:A260116C00185000,A
,OCASPS,call,,american,2026-01-16,BATO,100,190,O:A260116C00190000,A
,OCASPS,call,,american,2026-01-16,BATO,100,195,O:A260116C00195000,A
,OCASPS,call,,american,2026-01-16,BATO,100,200,O:A260116C00200000,A
,OCASPS,call,,american,2026-01-16,BATO,100,210,O:A260116C00210000,A
,OCASPS,call,,american,2026-01-16,BATO,100,220,O:A260116C00220000,A
,OCASPS,call,,american,2026-01-16,BATO,100,230,O:A260116C00230000,A
,OPASPS,put,,american,2026-01-16,BATO,100,55,O:A260116P00055000,A
,OPASPS,put,,american,2026-01-16,BATO,100,60,O:A260116P00060000,A
,OPASPS,put,,american,2026-01-16,BATO,100,65,O:A260116P00065000,A
,OPASPS,put,,american,2026-01-16,BATO,100,70,O:A260116P00070000,A
,OPASPS,put,,american,2026-01-16,BATO,100,75,O:A260116P00075000,A
,OPASPS,put,,american,2026-01-16,BATO,100,80,O:A260116P00080000,A
,OPASPS,put,,american,2026-01-16,BATO,100,85,O:A260116P00085000,A
,OPASPS,put,,american,2026-01-16,BATO,100,90,O:A260116P00090000,A
,OPASPS,put,,american,2026-01-16,BATO,100,95,O:A260116P00095000,A
,OPASPS,put,,american,2026-01-16,BATO,100,100,O:A260116P00100000,A
,OPASPS,put,,american,2026-01-16,BATO,100,105,O:A260116P00105000,A
,OPASPS,put,,american,2026-01-16,BATO,100,110,O:A260116P00110000,A
,OPASPS,put,,american,2026-01-16,BATO,100,115,O:A260116P00115000,A
,OPASPS,put,,american,2026-01-16,BATO,100,120,O:A260116P00120000,A
,OPASPS,put,,american,2026-01-16,BATO,100,125,O:A260116P00125000,A
,OPASPS,put,,american,2026-01-16,BATO,100,130,O:A260116P00130000,A
,OPASPS,put,,american,2026-01-16,BATO,100,135,O:A260116P00135000,A
,OPASPS,put,,american,2026-01-16,BATO,100,140,O:A260116P00140000,A
,OPASPS,put,,american,2026-01-16,BATO,100,145,O:A260116P00145000,A
,OPASPS,put,,american,2026-01-16,BATO,100,150,O:A260116P00150000,A
,OPASPS,put,,american,2026-01-16,BATO,100,155,O:A260116P00155000,A
,OPASPS,put,,american,2026-01-16,BATO,100,160,O:A260116P00160000,A
,OPASPS,put,,american,2026-01-16,BATO,100,165,O:A260116P00165000,A
,OPASPS,put,,american,2026-01-16,BATO,100,170,O:A260116P00170000,A
,OPASPS,put,,american,2026-01-16,BATO,100,175,O:A260116P00175000,A
,OPASPS,put,,american,2026-01-16,BATO,100,180,O:A260116P00180000,A
,OPASPS,put,,american,2026-01-16,BATO,100,185,O:A260116P00185000,A
,OPASPS,put,,american,2026-01-16,BATO,100,190,O:A260116P00190000,A
,OPASPS,put,,american,2026-01-16,BATO,100,195,O:A260116P00195000,A
,OPASPS,put,,american,2026-01-16,BATO,100,200,O:A260116P00200000,A
,OPASPS,put,,american,2026-01-16,BATO,100,210,O:A260116P00210000,A
,OPASPS,put,,american,2026-01-16,BATO,100,220,O:A260116P00220000,A
,OPASPS,put,,american,2026-01-16,BATO,100,230,O:A260116P00230000,A
,OCASPS,call,,american,2026-02-20,BATO,100,60,O:A260220C00060000,A
,OCASPS,call,,american,2026-02-20,BATO,100,65,O:A260220C00065000,A
,OCASPS,call,,american,2026-02-20,BATO,100,70,O:A260220C00070000,A
,OCASPS,call,,american,2026-02-20,BATO,100,75,O:A260220C00075000,A
,OCASPS,call,,american,2026-02-20,BATO,100,80,O:A260220C00080000,A
,OCASPS,call,,american,2026-02-20,BATO,100,85,O:A260220C00085000,A
,OCASPS,call,,american,2026-02-20,BATO,100,90,O:A260220C00090000,A
,OCASPS,call,,american,2026-02-20,BATO,100,95,O:A260220C00095000,A
,OCASPS,call,,american,2026-02-20,BATO,100,100,O:A260220C00100000,A
,OCASPS,call,,american,2026-02-20,BATO,100,105,O:A260220C00105000,A
,OCASPS,call,,american,2026-02-20,BATO,100,110,O:A260220C00110000,A
,OCASPS,call,,american,2026-02-20,BATO,100,115,O:A260220C00115000,A
,OCASPS,call,,american,2026-02-20,BATO,100,120,O:A260220C00120000,A
,OCASPS,call,,american,2026-02-20,BATO,100,125,O:A260220C00125000,A
,OCASPS,call,,american,2026-02-20,BATO,100,130,O:A260220C00130000,A
,OCASPS,call,,american,2026-02-20,BATO,100,135,O:A260220C00135000,A
,OCASPS,call,,american,2026-02-20,BATO,100,140,O:A260220C00140000,A
,OCASPS,call,,american,2026-02-20,BATO,100,145,O:A260220C00145000,A
,OCASPS,call,,american,2026-02-20,BATO,100,150,O:A260220C00150000,A
,OCASPS,call,,american,2026-02-20,BATO,100,155,O:A260220C00155000,A
,OCASPS,call,,american,2026-02-20,BATO,100,160,O:A260220C00160000,A
,OCASPS,call,,american,2026-02-20,BATO,100,165,O:A260220C00165000,A
,OCASPS,call,,american,2026-02-20,BATO,100,170,O:A260220C00170000,A
,OCASPS,call,,american,2026-02-20,BATO,100,175,O:A260220C00175000,A
,OCASPS,call,,american,2026-02-20,BATO,100,180,O:A260220C00180000,A
,OCASPS,call,,american,2026-02-20,BATO,100,185,O:A260220C00185000,A
,OPASPS,put,,american,2026-02-20,BATO,100,60,O:A260220P00060000,A
,OPASPS,put,,american,2026-02-20,BATO,100,65,O:A260220P00065000,A
,OPASPS,put,,american,2026-02-20,BATO,100,70,O:A260220P00070000,A
,OPASPS,put,,american,2026-02-20,BATO,100,75,O:A260220P00075000,A
,OPASPS,put,,american,2026-02-20,BATO,100,80,O:A260220P00080000,A
,OPASPS,put,,american,2026-02-20,BATO,100,85,O:A260220P00085000,A
,OPASPS,put,,american,2026-02-20,BATO,100,90,O:A260220P00090000,A
,OPASPS,put,,american,2026-02-20,BATO,100,95,O:A260220P00095000,A
,OPASPS,put,,american,2026-02-20,BATO,100,100,O:A260220P00100000,A
,OPASPS,put,,american,2026-02-20,BATO,100,105,O:A260220P00105000,A
,OPASPS,put,,american,2026-02-20,BATO,100,110,O:A260220P00110000,A
,OPASPS,put,,american,2026-02-20,BATO,100,115,O:A260220P00115000,A
,OPASPS,put,,american,2026-02-20,BATO,100,120,O:A260220P00120000,A
,OPASPS,put,,american,2026-02-20,BATO,100,125,O:A260220P00125000,A
,OPASPS,put,,american,2026-02-20,BATO,100,130,O:A260220P00130000,A
,OPASPS,put,,american,2026-02-20,BATO,100,135,O:A260220P00135000,A
,OPASPS,put,,american,2026-02-20,BATO,100,140,O:A260220P00140000,A
,OPASPS,put,,american,2026-02-20,BATO,100,145,O:A260220P00145000,A
,OPASPS,put,,american,2026-02-20,BATO,100,150,O:A260220P00150000,A
,OPASPS,put,,american,2026-02-20,BATO,100,155,O:A260220P00155000,A
,OPASPS,put,,american,2026-02-20,BATO,100,160,O:A260220P00160000,A
,OPASPS,put,,american,2026-02-20,BATO,100,165,O:A260220P00165000,A
,OPASPS,put,,american,2026-02-20,BATO,100,170,O:A260220P00170000,A
,OPASPS,put,,american,2026-02-20,BATO,100,175,O:A260220P00175000,A
,OPASPS,put,,american,2026-02-20,BATO,100,180,O:A260220P00180000,A
,OPASPS,put,,american,2026-02-20,BATO,100,185,O:A260220P00185000,A
,OCASPS,call,,american,2026-03-20,BATO,100,55,O:A260320C00055000,A
,OCASPS,call,,american,2026-03-20,BATO,100,60,O:A260320C00060000,A
,OCASPS,call,,american,2026-03-20,BATO,100,65,O:A260320C00065000,A
,OCASPS,call,,american,2026-03-20,BATO,100,70,O:A260320C00070000,A
,OCASPS,call,,american,2026-03-20,BATO,100,75,O:A260320C00075000,A
,OCASPS,call,,american,2026-03-20,BATO,100,80,O:A260320C00080000,A
,OCASPS,call,,american,2026-03-20,BATO,100,85,O:A260320C00085000,A
,OCASPS,call,,american,2026-03-20,BATO,100,90,O:A260320C00090000,A
,OCASPS,call,,american,2026-03-20,BATO,100,95,O:A260320C00095000,A
,OCASPS,call,,american,2026-03-20,BATO,100,100,O:A260320C00100000,A
,OCASPS,call,,american,2026-03-20,BATO,100,105,O:A260320C00105000,A
,OCASPS,call,,american,2026-03-20,BATO,100,110,O:A260320C00110000,A
,OCASPS,call,,american,2026-03-20,BATO,100,115,O:A260320C00115000,A
,OCASPS,call,,american,2026-03-20,BATO,100,120,O:A260320C00120000,A
,OCASPS,call,,american,2026-03-20,BATO,100,125,O:A260320C00125000,A
,OCASPS,call,,american,2026-03-20,BATO,100,130,O:A260320C00130000,A
,OCASPS,call,,american,2026-03-20,BATO,100,135,O:A260320C00135000,A
,OCASPS,call,,american,2026-03-20,BATO,100,140,O:A260320C00140000,A
,OCASPS,call,,american,2026-03-20,BATO,100,145,O:A260320C00145000,A
,OCASPS,call,,american,2026-03-20,BATO,100,150,O:A260320C00150000,A
,OCASPS,call,,american,2026-03-20,BATO,100,155,O:A260320C00155000,A
,OCASPS,call,,american,2026-03-20,BATO,100,160,O:A260320C00160000,A
,OCASPS,call,,american,2026-03-20,BATO,100,165,O:A260320C00165000,A
,OCASPS,call,,american,2026-03-20,BATO,100,170,O:A260320C00170000,A
,OCASPS,call,,american,2026-03-20,BATO,100,175,O:A260320C00175000,A
,OCASPS,call,,american,2026-03-20,BATO,100,180,O:A260320C00180000,A
,OCASPS,call,,american,2026-03-20,BATO,100,185,O:A260320C00185000,A
,OCASPS,call,,american,2026-03-20,BATO,100,190,O:A260320C00190000,A
,OCASPS,call,,american,2026-03-20,BATO,100,195,O:A260320C00195000,A
,OCASPS,call,,american,2026-03-20,BATO,100,200,O:A260320C00200000,A
,OCASPS,call,,american,2026-03-20,BATO,100,210,O:A260320C00210000,A
,OCASPS,call,,american,2026-03-20,BATO,100,220,O:A260320C00220000,A
,OPASPS,put,,american,2026-03-20,BATO,100,55,O:A260320P00055000,A
,OPASPS,put,,american,2026-03-20,BATO,100,60,O:A260320P00060000,A
,OPASPS,put,,american,2026-03-20,BATO,100,65,O:A260320P00065000,A
,OPASPS,put,,american,2026-03-20,BATO,100,70,O:A260320P00070000,A
,OPASPS,put,,american,2026-03-20,BATO,100,75,O:A260320P00075000,A
,OPASPS,put,,american,2026-03-20,BATO,100,80,O:A260320P00080000,A
,OPASPS,put,,american,2026-03-20,BATO,100,85,O:A260320P00085000,A
,OPASPS,put,,american,2026-03-20,BATO,100,90,O:A260320P00090000,A
,OPASPS,put,,american,2026-03-20,BATO,100,95,O:A260320P00095000,A
,OPASPS,put,,american,2026-03-20,BATO,100,100,O:A260320P00100000,A
,OPASPS,put,,american,2026-03-20,BATO,100,105,O:A260320P00105000,A
,OPASPS,put,,american,2026-03-20,BATO,100,110,O:A260320P00110000,A
,OPASPS,put,,american,2026-03-20,BATO,100,115,O:A260320P00115000,A
,OPASPS,put,,american,2026-03-20,BATO,100,120,O:A260320P00120000,A
,OPASPS,put,,american,2026-03-20,BATO,100,125,O:A260320P00125000,A
,OPASPS,put,,american,2026-03-20,BATO,100,130,O:A260320P00130000,A
,OPASPS,put,,american,2026-03-20,BATO,100,135,O:A260320P00135000,A
,OPASPS,put,,american,2026-03-20,BATO,100,140,O:A260320P00140000,A
,OPASPS,put,,american,2026-03-20,BATO,100,145,O:A260320P00145000,A
,OPASPS,put,,american,2026-03-20,BATO,100,150,O:A260320P00150000,A
,OPASPS,put,,american,2026-03-20,BATO,100,155,O:A260320P00155000,A
,OPASPS,put,,american,2026-03-20,BATO,100,160,O:A260320P00160000,A
,OPASPS,put,,american,2026-03-20,BATO,100,165,O:A260320P00165000,A
,OPASPS,put,,american,2026-03-20,BATO,100,170,O:A260320P00170000,A
,OPASPS,put,,american,2026-03-20,BATO,100,175,O:A260320P00175000,A
,OPASPS,put,,american,2026-03-20,BATO,100,180,O:A260320P00180000,A
,OPASPS,put,,american,2026-03-20,BATO,100,185,O:A260320P00185000,A
,OPASPS,put,,american,2026-03-20,BATO,100,190,O:A260320P00190000,A
,OPASPS,put,,american,2026-03-20,BATO,100,195,O:A260320P00195000,A
,OPASPS,put,,american,2026-03-20,BATO,100,200,O:A260320P00200000,A
,OPASPS,put,,american,2026-03-20,BATO,100,210,O:A260320P00210000,A
,OPASPS,put,,american,2026-03-20,BATO,100,220,O:A260320P00220000,A
,OCASPS,call,,american,2026-06-18,BATO,100,55,O:A260618C00055000,A
,OCASPS,call,,american,2026-06-18,BATO,100,60,O:A260618C00060000,A
,OCASPS,call,,american,2026-06-18,BATO,100,65,O:A260618C00065000,A
,OCASPS,call,,american,2026-06-18,BATO,100,70,O:A260618C00070000,A
,OCASPS,call,,american,2026-06-18,BATO,100,75,O:A260618C00075000,A
,OCASPS,call,,american,2026-06-18,BATO,100,80,O:A260618C00080000,A
,OCASPS,call,,american,2026-06-18,BATO,100,85,O:A260618C00085000,A
,OCASPS,call,,american,2026-06-18,BATO,100,90,O:A260618C00090000,A
,OCASPS,call,,american,2026-06-18,BATO,100,95,O:A260618C00095000,A
,OCASPS,call,,american,2026-06-18,BATO,100,100,O:A260618C00100000,A
,OCASPS,call,,american,2026-06-18,BATO,100,105,O:A260618C00105000,A
,OCASPS,call,,american,2026-06-18,BATO,100,110,O:A260618C00110000,A
,OCASPS,call,,american,2026-06-18,BATO,100,115,O:A260618C00115000,A
,OCASPS,call,,american,2026-06-18,BATO,100,120,O:A260618C00120000,A
,OCASPS,call,,american,2026-06-18,BATO,100,125,O:A260618C00125000,A
,OCASPS,call,,american,2026-06-18,BATO,100,130,O:A260618C00130000,A
,OCASPS,call,,american,2026-06-18,BATO,100,135,O:A260618C00135000,A
,OCASPS,call,,american,2026-06-18,BATO,100,140,O:A260618C00140000,A
,OCASPS,call,,american,2026-06-18,BATO,100,145,O:A260618C00145000,A
,OCASPS,call,,american,2026-06-18,BATO,100,150,O:A260618C00150000,A
,OCASPS,call,,american,2026-06-18,BATO,100,155,O:A260618C00155000,A
,OCASPS,call,,american,2026-06-18,BATO,100,160,O:A260618C00160000,A
,OCASPS,call,,american,2026-06-18,BATO,100,165,O:A260618C00165000,A
,OCASPS,call,,american,2026-06-18,BATO,100,170,O:A260618C00170000,A
,OCASPS,call,,american,2026-06-18,BATO,100,175,O:A260618C00175000,A
,OCASPS,call,,american,2026-06-18,BATO,100,180,O:A260618C00180000,A
,OCASPS,call,,american,2026-06-18,BATO,100,185,O:A260618C00185000,A
,OPASPS,put,,american,2026-06-18,BATO,100,55,O:A260618P00055000,A
,OPASPS,put,,american,2026-06-18,BATO,100,60,O:A260618P00060000,A
,OPASPS,put,,american,2026-06-18,BATO,100,65,O:A260618P00065000,A
,OPASPS,put,,american,2026-06-18,BATO,100,70,O:A260618P00070000,A
,OPASPS,put,,american,2026-06-18,BATO,100,75,O:A260618P00075000,A
,OPASPS,put,,american,2026-06-18,BATO,100,80,O:A260618P00080000,A
,OPASPS,put,,american,2026-06-18,BATO,100,85,O:A260618P00085000,A
,OPASPS,put,,american,2026-06-18,BATO,100,90,O:A260618P00090000,A
,OPASPS,put,,american,2026-06-18,BATO,100,95,O:A260618P00095000,A
,OPASPS,put,,american,2026-06-18,BATO,100,100,O:A260618P00100000,A
,OPASPS,put,,american,2026-06-18,BATO,100,105,O:A260618P00105000,A
,OPASPS,put,,american,2026-06-18,BATO,100,110,O:A260618P00110000,A
,OPASPS,put,,american,2026-06-18,BATO,100,115,O:A260618P00115000,A
,OPASPS,put,,american,2026-06-18,BATO,100,120,O:A260618P00120000,A
,OPASPS,put,,american,2026-06-18,BATO,100,125,O:A260618P00125000,A
,OPASPS,put,,american,2026-06-18,BATO,100,130,O:A260618P00130000,A
,OPASPS,put,,american,2026-06-18,BATO,100,135,O:A260618P00135000,A
,OPASPS,put,,american,2026-06-18,BATO,100,140,O:A260618P00140000,A
,OPASPS,put,,american,2026-06-18,BATO,100,145,O:A260618P00145000,A
,OPASPS,put,,american,2026-06-18,BATO,100,150,O:A260618P00150000,A
,OPASPS,put,,american,2026-06-18,BATO,100,155,O:A260618P00155000,A
,OPASPS,put,,american,2026-06-18,BATO,100,160,O:A260618P00160000,A
,OPASPS,put,,american,2026-06-18,BATO,100,165,O:A260618P00165000,A
,OPASPS,put,,american,2026-06-18,BATO,100,170,O:A260618P00170000,A
,OPASPS,put,,american,2026-06-18,BATO,100,175,O:A260618P00175000,A
,OPASPS,put,,american,2026-06-18,BATO,100,180,O:A260618P00180000,A
,OPASPS,put,,american,2026-06-18,BATO,100,185,O:A260618P00185000,A
,OCASPS,call,,american,2026-09-18,BATO,100,55,O:A260918C00055000,A
,OCASPS,call,,american,2026-09-18,BATO,100,60,O:A260918C00060000,A
,OCASPS,call,,american,2026-09-18,BATO,100,65,O:A260918C00065000,A
,OCASPS,call,,american,2026-09-18,BATO,100,70,O:A260918C00070000,A
,OCASPS,call,,american,2026-09-18,BATO,100,75,O:A260918C00075000,A
,OCASPS,call,,american,2026-09-18,BATO,100,80,O:A260918C00080000,A
,OCASPS,call,,american,2026-09-18,BATO,100,85,O:A260918C00085000,A
,OCASPS,call,,american,2026-09-18,BATO,100,90,O:A260918C00090000,A
,OCASPS,call,,american,2026-09-18,BATO,100,95,O:A260918C00095000,A
,OCASPS,call,,american,2026-09-18,BATO,100,100,O:A260918C00100000,A
,OCASPS,call,,american,2026-09-18,BATO,100,105,O:A260918C00105000,A
,OCASPS,call,,american,2026-09-18,BATO,100,110,O:A260918C00110000,A
,OCASPS,call,,american,2026-09-18,BATO,100,115,O:A260918C00115000,A
,OCASPS,call,,american,2026-09-18,BATO,100,120,O:A260918C00120000,A
,OCASPS,call,,american,2026-09-18,BATO,100,125,O:A260918C00125000,A
,OCASPS,call,,american,2026-09-18,BATO,100,130,O:A260918C00130000,A
,OCASPS,call,,american,2026-09-18,BATO,100,135,O:A260918C00135000,A
,OCASPS,call,,american,2026-09-18,BATO,100,140,O:A260918C00140000,A
,OCASPS,call,,american,2026-09-18,BATO,100,145,O:A260918C00145000,A
,OCASPS,call,,american,2026-09-18,BATO,100,150,O:A260918C00150000,A
,OCASPS,call,,american,2026-09-18,BATO,100,155,O:A260918C00155000,A
,OCASPS,call,,american,2026-09-18,BATO,100,160,O:A260918C00160000,A
,OCASPS,call,,american,2026-09-18,BATO,100,165,O:A260918C00165000,A
,OCASPS,call,,american,2026-09-18,BATO,100,170,O:A260918C00170000,A
,OCASPS,call,,american,2026-09-18,BATO,100,175,O:A260918C00175000,A
,OCASPS,call,,american,2026-09-18,BATO,100,180,O:A260918C00180000,A
,OCASPS,call,,american,2026-09-18,BATO,100,185,O:A260918C00185000,A
,OPASPS,put,,american,2026-09-18,BATO,100,55,O:A260918P00055000,A
,OPASPS,put,,american,2026-09-18,BATO,100,60,O:A260918P00060000,A
,OPASPS,put,,american,2026-09-18,BATO,100,65,O:A260918P00065000,A
,OPASPS,put,,american,2026-09-18,BATO,100,70,O:A260918P00070000,A
,OPASPS,put,,american,2026-09-18,BATO,100,75,O:A260918P00075000,A
,OPASPS,put,,american,2026-09-18,BATO,100,80,O:A260918P00080000,A
,OPASPS,put,,american,2026-09-18,BATO,100,85,O:A260918P00085000,A
,OPASPS,put,,american,2026-09-18,BATO,100,90,O:A260918P00090000,A
,OPASPS,put,,american,2026-09-18,BATO,100,95,O:A260918P00095000,A
,OPASPS,put,,american,2026-09-18,BATO,100,100,O:A260918P00100000,A
,OPASPS,put,,american,2026-09-18,BATO,100,105,O:A260918P00105000,A
,OPASPS,put,,american,2026-09-18,BATO,100,110,O:A260918P00110000,A
,OPASPS,put,,american,2026-09-18,BATO,100,115,O:A260918P00115000,A
,OPASPS,put,,american,2026-09-18,BATO,100,120,O:A260918P00120000,A
,OPASPS,put,,american,2026-09-18,BATO,100,125,O:A260918P00125000,A
,OPASPS,put,,american,2026-09-18,BATO,100,130,O:A260918P00130000,A
,OPASPS,put,,american,2026-09-18,BATO,100,135,O:A260918P00135000,A
,OPASPS,put,,american,2026-09-18,BATO,100,140,O:A260918P00140000,A
,OPASPS,put,,american,2026-09-18,BATO,100,145,O:A260918P00145000,A
,OPASPS,put,,american,2026-09-18,BATO,100,150,O:A260918P00150000,A
,OPASPS,put,,american,2026-09-18,BATO,100,155,O:A260918P00155000,A
,OPASPS,put,,american,2026-09-18,BATO,100,160,O:A260918P00160000,A
,OPASPS,put,,american,2026-09-18,BATO,100,165,O:A260918P00165000,A
,OPASPS,put,,american,2026-09-18,BATO,100,170,O:A260918P00170000,A
,OPASPS,put,,american,2026-09-18,BATO,100,175,O:A260918P00175000,A
,OPASPS,put,,american,2026-09-18,BATO,100,180,O:A260918P00180000,A
,OPASPS,put,,american,2026-09-18,BATO,100,185,O:A260918P00185000,A
,OCASPS,call,,american,2027-01-15,BATO,100,55,O:A270115C00055000,A
,OCASPS,call,,american,2027-01-15,BATO,100,60,O:A270115C00060000,A
,OCASPS,call,,american,2027-01-15,BATO,100,65,O:A270115C00065000,A
,OCASPS,call,,american,2027-01-15,BATO,100,70,O:A270115C00070000,A
,OCASPS,call,,american,2027-01-15,BATO,100,75,O:A270115C00075000,A
,OCASPS,call,,american,2027-01-15,BATO,100,80,O:A270115C00080000,A
,OCASPS,call,,american,2027-01-15,BATO,100,85,O:A270115C00085000,A
,OCASPS,call,,american,2027-01-15,BATO,100,90,O:A270115C00090000,A
,OCASPS,call,,american,2027-01-15,BATO,100,95,O:A270115C00095000,A
,OCASPS,call,,american,2027-01-15,BATO,100,100,O:A270115C00100000,A
,OCASPS,call,,american,2027-01-15,BATO,100,105,O:A270115C00105000,A
,OCASPS,call,,american,2027-01-15,BATO,100,110,O:A270115C00110000,A
,OCASPS,call,,american,2027-01-15,BATO,100,115,O:A270115C00115000,A
,OCASPS,call,,american,2027-01-15,BATO,100,120,O:A270115C00120000,A
,OCASPS,call,,american,2027-01-15,BATO,100,125,O:A270115C00125000,A
,OCASPS,call,,american,2027-01-15,BATO,100,130,O:A270115C00130000,A
,OCASPS,call,,american,2027-01-15,BATO,100,135,O:A270115C00135000,A
,OCASPS,call,,american,2027-01-15,BATO,100,140,O:A270115C00140000,A
,OCASPS,call,,american,2027-01-15,BATO,100,145,O:A270115C00145000,A
,OCASPS,call,,american,2027-01-15,BATO,100,150,O:A270115C00150000,A
,OCASPS,call,,american,2027-01-15,BATO,100,155,O:A270115C00155000,A
,OCASPS,call,,american,2027-01-15,BATO,100,160,O:A270115C00160000,A
,OCASPS,call,,american,2027-01-15,BATO,100,165,O:A270115C00165000,A
,OCASPS,call,,american,2027-01-15,BATO,100,170,O:A270115C00170000,A
,OCASPS,call,,american,2027-01-15,BATO,100,175,O:A270115C00175000,A
,OCASPS,call,,american,2027-01-15,BATO,100,180,O:A270115C00180000,A
,OCASPS,call,,american,2027-01-15,BATO,100,185,O:A270115C00185000,A
,OCASPS,call,,american,2027-01-15,BATO,100,190,O:A270115C00190000,A
,OCASPS,call,,american,2027-01-15,BATO,100,195,O:A270115C00195000,A
,OCASPS,call,,american,2027-01-15,BATO,100,200,O:A270115C00200000,A
,OCASPS,call,,american,2027-01-15,BATO,100,210,O:A270115C00210000,A
,OCASPS,call,,american,2027-01-15,BATO,100,220,O:A270115C00220000,A
,OPASPS,put,,american,2027-01-15,BATO,100,55,O:A270115P00055000,A
,OPASPS,put,,american,2027-01-15,BATO,100,60,O:A270115P00060000,A
,OPASPS,put,,american,2027-01-15,BATO,100,65,O:A270115P00065000,A
,OPASPS,put,,american,2027-01-15,BATO,100,70,O:A270115P00070000,A
,OPASPS,put,,american,2027-01-15,BATO,100,75,O:A270115P00075000,A
,OPASPS,put,,american,2027-01-15,BATO,100,80,O:A270115P00080000,A
,OPASPS,put,,american,2027-01-15,BATO,100,85,O:A270115P00085000,A
,OPASPS,put,,american,2027-01-15,BATO,100,90,O:A270115P00090000,A
,OPASPS,put,,american,2027-01-15,BATO,100,95,O:A270115P00095000,A
,OPASPS,put,,american,2027-01-15,BATO,100,100,O:A270115P00100000,A
,OPASPS,put,,american,2027-01-15,BATO,100,105,O:A270115P00105000,A
,OPASPS,put,,american,2027-01-15,BATO,100,110,O:A270115P00110000,A
,OPASPS,put,,american,2027-01-15,BATO,100,115,O:A270115P00115000,A
,OPASPS,put,,american,2027-01-15,BATO,100,120,O:A270115P00120000,A
,OPASPS,put,,american,2027-01-15,BATO,100,125,O:A270115P00125000,A
,OPASPS,put,,american,2027-01-15,BATO,100,130,O:A270115P00130000,A
,OPASPS,put,,american,2027-01-15,BATO,100,135,O:A270115P00135000,A
,OPASPS,put,,american,2027-01-15,BATO,100,140,O:A270115P00140000,A
,OPASPS,put,,american,2027-01-15,BATO,100,145,O:A270115P00145000,A
,OPASPS,put,,american,2027-01-15,BATO,100,150,O:A270115P00150000,A
,OPASPS,put,,american,2027-01-15,BATO,100,155,O:A270115P00155000,A
,OPASPS,put,,american,2027-01-15,BATO,100,160,O:A270115P00160000,A
,OPASPS,put,,american,2027-01-15,BATO,100,165,O:A270115P00165000,A
,OPASPS,put,,american,2027-01-15,BATO,100,170,O:A270115P00170000,A
,OPASPS,put,,american,2027-01-15,BATO,100,175,O:A270115P00175000,A
,OPASPS,put,,american,2027-01-15,BATO,100,180,O:A270115P00180000,A
,OPASPS,put,,american,2027-01-15,BATO,100,185,O:A270115P00185000,A
,OPASPS,put,,american,2027-01-15,BATO,100,190,O:A270115P00190000,A
,OPASPS,put,,american,2027-01-15,BATO,100,195,O:A270115P00195000,A
,OPASPS,put,,american,2027-01-15,BATO,100,200,O:A270115P00200000,A
,OPASPS,put,,american,2027-01-15,BATO,100,210,O:A270115P00210000,A
,OPASPS,put,,american,2027-01-15,BATO,100,220,O:A270115P00220000,A
,OCASPS,call,,american,2025-09-19,BATO,100,12.5,O:AA250919C00012500,AA
,OCASPS,call,,american,2025-09-19,BATO,100,15,O:AA250919C00015000,AA
,OCASPS,call,,american,2025-09-19,BATO,100,17.5,O:AA250919C00017500,AA
,OCASPS,call,,american,2025-09-19,BATO,100,20,O:AA250919C00020000,AA
,OCASPS,call,,american,2025-09-19,BATO,100,22,O:AA250919C00022000,AA
,OCASPS,call,,american,2025-09-19,BATO,100,22.5,O:AA250919C00022500,AA
,OCASPS,call,,american,2025-09-19,BATO,100,23,O:AA250919C00023000,AA
,OCASPS,call,,american,2025-09-19,BATO,100,24,O:AA250919C00024000,AA
,OCASPS,call,,american,2025-09-19,BATO,100,25,O:AA250919C00025000,AA
,OCASPS,call,,american,2025-09-19,BATO,100,25.5,O:AA250919C00025500,AA
,OCASPS,call,,american,2025-09-19,BATO,100,26,O:AA250919C00026000,AA
,OCASPS,call,,american,2025-09-19,BATO,100,26.5,O:AA250919C00026500,AA
,OCASPS,call,,american,2025-09-19,BATO,100,27,O:AA250919C00027000,AA
,OCASPS,call,,american,2025-09-19,BATO,100,27.5,O:AA250919C00027500,AA
,OCASPS,call,,american,2025-09-19,BATO,100,28,O:AA250919C00028000,AA
,OCASPS,call,,american,2025-09-19,BATO,100,28.5,O:AA250919C00028500,AA
,OCASPS,call,,american,2025-09-19,BATO,100,29,O:AA250919C00029000,AA
,OCASPS,call,,american,2025-09-19,BATO,100,29.5,O:AA250919C00029500,AA
,OCASPS,call,,american,2025-09-19,BATO,100,30,O:AA250919C00030000,AA
,OCASPS,call,,american,2025-09-19,BATO,100,30.5,O:AA250919C00030500,AA
,OCASPS,call,,american,2025-09-19,BATO,100,31,O:AA250919C00031000,AA
,OCASPS,call,,american,2025-09-19,BATO,100,31.5,O:AA250919C00031500,AA
,OCASPS,call,,american,2025-09-19,BATO,100,32,O:AA250919C00032000,AA
,OCASPS,call,,american,2025-09-19,BATO,100,32.5,O:AA250919C00032500,AA
,OCASPS,call,,american,2025-09-19,BATO,100,33,O:AA250919C00033000,AA
,OCASPS,call,,american,2025-09-19,BATO,100,33.5,O:AA250919C00033500,AA
,OCASPS,call,,american,2025-09-19,BATO,100,34,O:AA250919C00034000,AA
,OCASPS,call,,american,2025-09-19,BATO,100,34.5,O:AA250919C00034500,AA
,OCASPS,call,,american,2025-09-19,BATO,100,35,O:AA250919C00035000,AA
,OCASPS,call,,american,2025-09-19,BATO,100,35.5,O:AA250919C00035500,AA
,OCASPS,call,,american,2025-09-19,BATO,100,36,O:AA250919C00036000,AA
,OCASPS,call,,american,2025-09-19,BATO,100,36.5,O:AA250919C00036500,AA
,OCASPS,call,,american,2025-09-19,BATO,100,37,O:AA250919C00037000,AA
,OCASPS,call,,american,2025-09-19,BATO,100,38,O:AA250919C00038000,AA
,OCASPS,call,,american,2025-09-19,BATO,100,39,O:AA250919C00039000,AA
,OCASPS,call,,american,2025-09-19,BATO,100,40,O:AA250919C00040000,AA
,OCASPS,call,,american,2025-09-19,BATO,100,41,O:AA250919C00041000,AA
,OCASPS,call,,american,2025-09-19,BATO,100,45,O:AA250919C00045000,AA
,OCASPS,call,,american,2025-09-19,BATO,100,50,O:AA250919C00050000,AA
,OCASPS,call,,american,2025-09-19,BATO,100,55,O:AA250919C00055000,AA
,OCASPS,call,,american,2025-09-19,BATO,100,60,O:AA250919C00060000,AA
,OCASPS,call,,american,2025-09-19,BATO,100,65,O:AA250919C00065000,AA
,OPASPS,put,,american,2025-09-19,BATO,100,12.5,O:AA250919P00012500,AA
,OPASPS,put,,american,2025-09-19,BATO,100,15,O:AA250919P00015000,AA
,OPASPS,put,,american,2025-09-19,BATO,100,17.5,O:AA250919P00017500,AA
,OPASPS,put,,american,2025-09-19,BATO,100,20,O:AA250919P00020000,AA
,OPASPS,put,,american,2025-09-19,BATO,100,22,O:AA250919P00022000,AA
,OPASPS,put,,american,2025-09-19,BATO,100,22.5,O:AA250919P00022500,AA
,OPASPS,put,,american,2025-09-19,BATO,100,23,O:AA250919P00023000,AA
,OPASPS,put,,american,2025-09-19,BATO,100,24,O:AA250919P00024000,AA
,OPASPS,put,,american,2025-09-19,BATO,100,25,O:AA250919P00025000,AA
,OPASPS,put,,american,2025-09-19,BATO,100,25.5,O:AA250919P00025500,AA
,OPASPS,put,,american,2025-09-19,BATO,100,26,O:AA250919P00026000,AA
,OPASPS,put,,american,2025-09-19,BATO,100,26.5,O:AA250919P00026500,AA
,OPASPS,put,,american,2025-09-19,BATO,100,27,O:AA250919P00027000,AA
,OPASPS,put,,american,2025-09-19,BATO,100,27.5,O:AA250919P00027500,AA
,OPASPS,put,,american,2025-09-19,BATO,100,28,O:AA250919P00028000,AA
,OPASPS,put,,american,2025-09-19,BATO,100,28.5,O:AA250919P00028500,AA
,OPASPS,put,,american,2025-09-19,BATO,100,29,O:AA250919P00029000,AA
,OPASPS,put,,american,2025-09-19,BATO,100,29.5,O:AA250919P00029500,AA
,OPASPS,put,,american,2025-09-19,BATO,100,30,O:AA250919P00030000,AA
,OPASPS,put,,american,2025-09-19,BATO,100,30.5,O:AA250919P00030500,AA
,OPASPS,put,,american,2025-09-19,BATO,100,31,O:AA250919P00031000,AA
,OPASPS,put,,american,2025-09-19,BATO,100,31.5,O:AA250919P00031500,AA
,OPASPS,put,,american,2025-09-19,BATO,100,32,O:AA250919P00032000,AA
,OPASPS,put,,american,2025-09-19,BATO,100,32.5,O:AA250919P00032500,AA
,OPASPS,put,,american,2025-09-19,BATO,100,33,O:AA250919P00033000,AA
,OPASPS,put,,american,2025-09-19,BATO,100,33.5,O:AA250919P00033500,AA
,OPASPS,put,,american,2025-09-19,BATO,100,34,O:AA250919P00034000,AA
,OPASPS,put,,american,2025-09-19,BATO,100,34.5,O:AA250919P00034500,AA
,OPASPS,put,,american,2025-09-19,BATO,100,35,O:AA250919P00035000,AA
,OPASPS,put,,american,2025-09-19,BATO,100,35.5,O:AA250919P00035500,AA
,OPASPS,put,,american,2025-09-19,BATO,100,36,O:AA250919P00036000,AA
,OPASPS,put,,american,2025-09-19,BATO,100,36.5,O:AA250919P00036500,AA
,OPASPS,put,,american,2025-09-19,BATO,100,37,O:AA250919P00037000,AA
,OPASPS,put,,american,2025-09-19,BATO,100,38,O:AA250919P00038000,AA
,OPASPS,put,,american,2025-09-19,BATO,100,39,O:AA250919P00039000,AA
,OPASPS,put,,american,2025-09-19,BATO,100,40,O:AA250919P00040000,AA
,OPASPS,put,,american,2025-09-19,BATO,100,41,O:AA250919P00041000,AA
,OPASPS,put,,american,2025-09-19,BATO,100,45,O:AA250919P00045000,AA
,OPASPS,put,,american,2025-09-19,BATO,100,50,O:AA250919P00050000,AA
,OPASPS,put,,american,2025-09-19,BATO,100,55,O:AA250919P00055000,AA
,OPASPS,put,,american,2025-09-19,BATO,100,60,O:AA250919P00060000,AA
,OPASPS,put,,american,2025-09-19,BATO,100,65,O:AA250919P00065000,AA
,OCASPS,call,,american,2025-09-26,BATO,100,20,O:AA250926C00020000,AA
,OCASPS,call,,american,2025-09-26,BATO,100,21,O:AA250926C00021000,AA
,OCASPS,call,,american,2025-09-26,BATO,100,22,O:AA250926C00022000,AA
,OCASPS,call,,american,2025-09-26,BATO,100,23,O:AA250926C00023000,AA
,OCASPS,call,,american,2025-09-26,BATO,100,24,O:AA250926C00024000,AA
,OCASPS,call,,american,2025-09-26,BATO,100,25,O:AA250926C00025000,AA
,OCASPS,call,,american,2025-09-26,BATO,100,25.5,O:AA250926C00025500,AA
,OCASPS,call,,american,2025-09-26,BATO,100,26,O:AA250926C00026000,AA
,OCASPS,call,,american,2025-09-26,BATO,100,26.5,O:AA250926C00026500,AA
,OCASPS,call,,american,2025-09-26,BATO,100,27,O:AA250926C00027000,AA
,OCASPS,call,,american,2025-09-26,BATO,100,27.5,O:AA250926C00027500,AA
,OCASPS,call,,american,2025-09-26,BATO,100,28,O:AA250926C00028000,AA
,OCASPS,call,,american,2025-09-26,BATO,100,28.5,O:AA250926C00028500,AA
,OCASPS,call,,american,2025-09-26,BATO,100,29,O:AA250926C00029000,AA
,OCASPS,call,,american,2025-09-26,BATO,100,29.5,O:AA250926C00029500,AA
,OCASPS,call,,american,2025-09-26,BATO,100,30,O:AA250926C00030000,AA
,OCASPS,call,,american,2025-09-26,BATO,100,30.5,O:AA250926C00030500,AA
,OCASPS,call,,american,2025-09-26,BATO,100,31,O:AA250926C00031000,AA
,OCASPS,call,,american,2025-09-26,BATO,100,31.5,O:AA250926C00031500,AA
,OCASPS,call,,american,2025-09-26,BATO,100,32,O:AA250926C00032000,AA
,OCASPS,call,,american,2025-09-26,BATO,100,32.5,O:AA250926C00032500,AA
,OCASPS,call,,american,2025-09-26,BATO,100,33,O:AA250926C00033000,AA
,OCASPS,call,,american,2025-09-26,BATO,100,33.5,O:AA250926C00033500,AA
,OCASPS,call,,american,2025-09-26,BATO,100,34,O:AA250926C00034000,AA
,OCASPS,call,,american,2025-09-26,BATO,100,34.5,O:AA250926C00034500,AA
,OCASPS,call,,american,2025-09-26,BATO,100,35,O:AA250926C00035000,AA
,OCASPS,call,,american,2025-09-26,BATO,100,35.5,O:AA250926C00035500,AA
,OCASPS,call,,american,2025-09-26,BATO,100,36,O:AA250926C00036000,AA
,OCASPS,call,,american,2025-09-26,BATO,100,36.5,O:AA250926C00036500,AA
,OCASPS,call,,american,2025-09-26,BATO,100,37,O:AA250926C00037000,AA
,OCASPS,call,,american,2025-09-26,BATO,100,38,O:AA250926C00038000,AA
,OCASPS,call,,american,2025-09-26,BATO,100,39,O:AA250926C00039000,AA
,OCASPS,call,,american,2025-09-26,BATO,100,40,O:AA250926C00040000,AA
,OCASPS,call,,american,2025-09-26,BATO,100,41,O:AA250926C00041000,AA
,OCASPS,call,,american,2025-09-26,BATO,100,42,O:AA250926C00042000,AA
,OPASPS,put,,american,2025-09-26,BATO,100,20,O:AA250926P00020000,AA
,OPASPS,put,,american,2025-09-26,BATO,100,21,O:AA250926P00021000,AA
,OPASPS,put,,american,2025-09-26,BATO,100,22,O:AA250926P00022000,AA
,OPASPS,put,,american,2025-09-26,BATO,100,23,O:AA250926P00023000,AA
,OPASPS,put,,american,2025-09-26,BATO,100,24,O:AA250926P00024000,AA
,OPASPS,put,,american,2025-09-26,BATO,100,25,O:AA250926P00025000,AA
,OPASPS,put,,american,2025-09-26,BATO,100,25.5,O:AA250926P00025500,AA
,OPASPS,put,,american,2025-09-26,BATO,100,26,O:AA250926P00026000,AA
,OPASPS,put,,american,2025-09-26,BATO,100,26.5,O:AA250926P00026500,AA
,OPASPS,put,,american,2025-09-26,BATO,100,27,O:AA250926P00027000,AA
,OPASPS,put,,american,2025-09-26,BATO,100,27.5,O:AA250926P00027500,AA
,OPASPS,put,,american,2025-09-26,BATO,100,28,O:AA250926P00028000,AA
,OPASPS,put,,american,2025-09-26,BATO,100,28.5,O:AA250926P00028500,AA
,OPASPS,put,,american,2025-09-26,BATO,100,29,O:AA250926P00029000,AA
,OPASPS,put,,american,2025-09-26,BATO,100,29.5,O:AA250926P00029500,AA
,OPASPS,put,,american,2025-09-26,BATO,100,30,O:AA250926P00030000,AA
,OPASPS,put,,american,2025-09-26,BATO,100,30.5,O:AA250926P00030500,AA
,OPASPS,put,,american,2025-09-26,BATO,100,31,O:AA250926P00031000,AA
,OPASPS,put,,american,2025-09-26,BATO,100,31.5,O:AA250926P00031500,AA
,OPASPS,put,,american,2025-09-26,BATO,100,32,O:AA250926P00032000,AA
,OPASPS,put,,american,2025-09-26,BATO,100,32.5,O:AA250926P00032500,AA
,OPASPS,put,,american,2025-09-26,BATO,100,33,O:AA250926P00033000,AA
,OPASPS,put,,american,2025-09-26,BATO,100,33.5,O:AA250926P00033500,AA
,OPASPS,put,,american,2025-09-26,BATO,100,34,O:AA250926P00034000,AA
,OPASPS,put,,american,2025-09-26,BATO,100,34.5,O:AA250926P00034500,AA
,OPASPS,put,,american,2025-09-26,BATO,100,35,O:AA250926P00035000,AA
,OPASPS,put,,american,2025-09-26,BATO,100,35.5,O:AA250926P00035500,AA
,OPASPS,put,,american,2025-09-26,BATO,100,36,O:AA250926P00036000,AA
,OPASPS,put,,american,2025-09-26,BATO,100,36.5,O:AA250926P00036500,AA
,OPASPS,put,,american,2025-09-26,BATO,100,37,O:AA250926P00037000,AA
,OPASPS,put,,american,2025-09-26,BATO,100,38,O:AA250926P00038000,AA
,OPASPS,put,,american,2025-09-26,BATO,100,39,O:AA250926P00039000,AA
,OPASPS,put,,american,2025-09-26,BATO,100,40,O:AA250926P00040000,AA
,OPASPS,put,,american,2025-09-26,BATO,100,41,O:AA250926P00041000,AA
,OPASPS,put,,american,2025-09-26,BATO,100,42,O:AA250926P00042000,AA
,OCASPS,call,,american,2025-10-03,BATO,100,20,O:AA251003C00020000,AA
,OCASPS,call,,american,2025-10-03,BATO,100,21,O:AA251003C00021000,AA
,OCASPS,call,,american,2025-10-03,BATO,100,22,O:AA251003C00022000,AA
,OCASPS,call,,american,2025-10-03,BATO,100,23,O:AA251003C00023000,AA
,OCASPS,call,,american,2025-10-03,BATO,100,24,O:AA251003C00024000,AA
,OCASPS,call,,american,2025-10-03,BATO,100,25,O:AA251003C00025000,AA
,OCASPS,call,,american,2025-10-03,BATO,100,26,O:AA251003C00026000,AA
,OCASPS,call,,american,2025-10-03,BATO,100,27,O:AA251003C00027000,AA
,OCASPS,call,,american,2025-10-03,BATO,100,28,O:AA251003C00028000,AA
,OCASPS,call,,american,2025-10-03,BATO,100,29,O:AA251003C00029000,AA
,OCASPS,call,,american,2025-10-03,BATO,100,30,O:AA251003C00030000,AA
,OCASPS,call,,american,2025-10-03,BATO,100,31,O:AA251003C00031000,AA
,OCASPS,call,,american,2025-10-03,BATO,100,32,O:AA251003C00032000,AA
,OCASPS,call,,american,2025-10-03,BATO,100,33,O:AA251003C00033000,AA
,OCASPS,call,,american,2025-10-03,BATO,100,34,O:AA251003C00034000,AA
,OCASPS,call,,american,2025-10-03,BATO,100,35,O:AA251003C00035000,AA
,OCASPS,call,,american,2025-10-03,BATO,100,36,O:AA251003C00036000,AA
,OCASPS,call,,american,2025-10-03,BATO,100,37,O:AA251003C00037000,AA
,OCASPS,call,,american,2025-10-03,BATO,100,38,O:AA251003C00038000,AA
,OCASPS,call,,american,2025-10-03,BATO,100,39,O:AA251003C00039000,AA
,OCASPS,call,,american,2025-10-03,BATO,100,40,O:AA251003C00040000,AA
,OCASPS,call,,american,2025-10-03,BATO,100,41,O:AA251003C00041000,AA
,OCASPS,call,,american,2025-10-03,BATO,100,42,O:AA251003C00042000,AA
,OPASPS,put,,american,2025-10-03,BATO,100,20,O:AA251003P00020000,AA
,OPASPS,put,,american,2025-10-03,BATO,100,21,O:AA251003P00021000,AA
,OPASPS,put,,american,2025-10-03,BATO,100,22,O:AA251003P00022000,AA
,OPASPS,put,,american,2025-10-03,BATO,100,23,O:AA251003P00023000,AA
,OPASPS,put,,american,2025-10-03,BATO,100,24,O:AA251003P00024000,AA
,OPASPS,put,,american,2025-10-03,BATO,100,25,O:AA251003P00025000,AA
,OPASPS,put,,american,2025-10-03,BATO,100,26,O:AA251003P00026000,AA
,OPASPS,put,,american,2025-10-03,BATO,100,27,O:AA251003P00027000,AA
,OPASPS,put,,american,2025-10-03,BATO,100,28,O:AA251003P00028000,AA
,OPASPS,put,,american,2025-10-03,BATO,100,29,O:AA251003P00029000,AA
,OPASPS,put,,american,2025-10-03,BATO,100,30,O:AA251003P00030000,AA
,OPASPS,put,,american,2025-10-03,BATO,100,31,O:AA251003P00031000,AA
,OPASPS,put,,american,2025-10-03,BATO,100,32,O:AA251003P00032000,AA
,OPASPS,put,,american,2025-10-03,BATO,100,33,O:AA251003P00033000,AA
,OPASPS,put,,american,2025-10-03,BATO,100,34,O:AA251003P00034000,AA
,OPASPS,put,,american,2025-10-03,BATO,100,35,O:AA251003P00035000,AA
,OPASPS,put,,american,2025-10-03,BATO,100,36,O:AA251003P00036000,AA
,OPASPS,put,,american,2025-10-03,BATO,100,37,O:AA251003P00037000,AA
,OPASPS,put,,american,2025-10-03,BATO,100,38,O:AA251003P00038000,AA
,OPASPS,put,,american,2025-10-03,BATO,100,39,O:AA251003P00039000,AA
,OPASPS,put,,american,2025-10-03,BATO,100,40,O:AA251003P00040000,AA
,OPASPS,put,,american,2025-10-03,BATO,100,41,O:AA251003P00041000,AA
,OPASPS,put,,american,2025-10-03,BATO,100,42,O:AA251003P00042000,AA
,OCASPS,call,,american,2025-10-10,BATO,100,20,O:AA251010C00020000,AA
,OCASPS,call,,american,2025-10-10,BATO,100,21,O:AA251010C00021000,AA
,OCASPS,call,,american,2025-10-10,BATO,100,22,O:AA251010C00022000,AA
,OCASPS,call,,american,2025-10-10,BATO,100,23,O:AA251010C00023000,AA
,OCASPS,call,,american,2025-10-10,BATO,100,24,O:AA251010C00024000,AA
,OCASPS,call,,american,2025-10-10,BATO,100,25,O:AA251010C00025000,AA
,OCASPS,call,,american,2025-10-10,BATO,100,26,O:AA251010C00026000,AA
,OCASPS,call,,american,2025-10-10,BATO,100,27,O:AA251010C00027000,AA
,OCASPS,call,,american,2025-10-10,BATO,100,28,O:AA251010C00028000,AA
,OCASPS,call,,american,2025-10-10,BATO,100,29,O:AA251010C00029000,AA
,OCASPS,call,,american,2025-10-10,BATO,100,30,O:AA251010C00030000,AA
,OCASPS,call,,american,2025-10-10,BATO,100,31,O:AA251010C00031000,AA
,OCASPS,call,,american,2025-10-10,BATO,100,32,O:AA251010C00032000,AA
,OCASPS,call,,american,2025-10-10,BATO,100,33,O:AA251010C00033000,AA
,OCASPS,call,,american,2025-10-10,BATO,100,34,O:AA251010C00034000,AA
,OCASPS,call,,american,2025-10-10,BATO,100,35,O:AA251010C00035000,AA
,OCASPS,call,,american,2025-10-10,BATO,100,36,O:AA251010C00036000,AA
,OCASPS,call,,american,2025-10-10,BATO,100,37,O:AA251010C00037000,AA
,OCASPS,call,,american,2025-10-10,BATO,100,38,O:AA251010C00038000,AA
,OCASPS,call,,american,2025-10-10,BATO,100,39,O:AA251010C00039000,AA
,OCASPS,call,,american,2025-10-10,BATO,100,40,O:AA251010C00040000,AA
,OCASPS,call,,american,2025-10-10,BATO,100,41,O:AA251010C00041000,AA
,OCASPS,call,,american,2025-10-10,BATO,100,42,O:AA251010C00042000,AA
,OPASPS,put,,american,2025-10-10,BATO,100,20,O:AA251010P00020000,AA
,OPASPS,put,,american,2025-10-10,BATO,100,21,O:AA251010P00021000,AA
,OPASPS,put,,american,2025-10-10,BATO,100,22,O:AA251010P00022000,AA
,OPASPS,put,,american,2025-10-10,BATO,100,23,O:AA251010P00023000,AA
,OPASPS,put,,american,2025-10-10,BATO,100,24,O:AA251010P00024000,AA
,OPASPS,put,,american,2025-10-10,BATO,100,25,O:AA251010P00025000,AA
,OPASPS,put,,american,2025-10-10,BATO,100,26,O:AA251010P00026000,AA
,OPASPS,put,,american,2025-10-10,BATO,100,27,O:AA251010P00027000,AA
,OPASPS,put,,american,2025-10-10,BATO,100,28,O:AA251010P00028000,AA
,OPASPS,put,,american,2025-10-10,BATO,100,29,O:AA251010P00029000,AA
,OPASPS,put,,american,2025-10-10,BATO,100,30,O:AA251010P00030000,AA
,OPASPS,put,,american,2025-10-10,BATO,100,31,O:AA251010P00031000,AA
,OPASPS,put,,american,2025-10-10,BATO,100,32,O:AA251010P00032000,AA
,OPASPS,put,,american,2025-10-10,BATO,100,33,O:AA251010P00033000,AA
,OPASPS,put,,american,2025-10-10,BATO,100,34,O:AA251010P00034000,AA
,OPASPS,put,,american,2025-10-10,BATO,100,35,O:AA251010P00035000,AA
,OPASPS,put,,american,2025-10-10,BATO,100,36,O:AA251010P00036000,AA
,OPASPS,put,,american,2025-10-10,BATO,100,37,O:AA251010P00037000,AA
,OPASPS,put,,american,2025-10-10,BATO,100,38,O:AA251010P00038000,AA
,OPASPS,put,,american,2025-10-10,BATO,100,39,O:AA251010P00039000,AA
,OPASPS,put,,american,2025-10-10,BATO,100,40,O:AA251010P00040000,AA
,OPASPS,put,,american,2025-10-10,BATO,100,41,O:AA251010P00041000,AA
,OPASPS,put,,american,2025-10-10,BATO,100,42,O:AA251010P00042000,AA
,OCASPS,call,,american,2025-10-17,BATO,100,12.5,O:AA251017C00012500,AA
,OCASPS,call,,american,2025-10-17,BATO,100,15,O:AA251017C00015000,AA
,OCASPS,call,,american,2025-10-17,BATO,100,17.5,O:AA251017C00017500,AA
,OCASPS,call,,american,2025-10-17,BATO,100,20,O:AA251017C00020000,AA
,OCASPS,call,,american,2025-10-17,BATO,100,22.5,O:AA251017C00022500,AA
,OCASPS,call,,american,2025-10-17,BATO,100,25,O:AA251017C00025000,AA
,OCASPS,call,,american,2025-10-17,BATO,100,30,O:AA251017C00030000,AA
,OCASPS,call,,american,2025-10-17,BATO,100,35,O:AA251017C00035000,AA
,OCASPS,call,,american,2025-10-17,BATO,100,40,O:AA251017C00040000,AA
,OCASPS,call,,american,2025-10-17,BATO,100,45,O:AA251017C00045000,AA
,OCASPS,call,,american,2025-10-17,BATO,100,50,O:AA251017C00050000,AA
,OCASPS,call,,american,2025-10-17,BATO,100,55,O:AA251017C00055000,AA
,OPASPS,put,,american,2025-10-17,BATO,100,12.5,O:AA251017P00012500,AA
,OPASPS,put,,american,2025-10-17,BATO,100,15,O:AA251017P00015000,AA
,OPASPS,put,,american,2025-10-17,BATO,100,17.5,O:AA251017P00017500,AA
,OPASPS,put,,american,2025-10-17,BATO,100,20,O:AA251017P00020000,AA
,OPASPS,put,,american,2025-10-17,BATO,100,22.5,O:AA251017P00022500,AA
,OPASPS,put,,american,2025-10-17,BATO,100,25,O:AA251017P00025000,AA
,OPASPS,put,,american,2025-10-17,BATO,100,30,O:AA251017P00030000,AA
,OPASPS,put,,american,2025-10-17,BATO,100,35,O:AA251017P00035000,AA
,OPASPS,put,,american,2025-10-17,BATO,100,40,O:AA251017P00040000,AA
,OPASPS,put,,american,2025-10-17,BATO,100,45,O:AA251017P00045000,AA
,OPASPS,put,,american,2025-10-17,BATO,100,50,O:AA251017P00050000,AA
,OPASPS,put,,american,2025-10-17,BATO,100,55,O:AA251017P00055000,AA
,OCASPS,call,,american,2025-10-24,BATO,100,20,O:AA251024C00020000,AA
,OCASPS,call,,american,2025-10-24,BATO,100,21,O:AA251024C00021000,AA
,OCASPS,call,,american,2025-10-24,BATO,100,22,O:AA251024C00022000,AA
,OCASPS,call,,american,2025-10-24,BATO,100,23,O:AA251024C00023000,AA
,OCASPS,call,,american,2025-10-24,BATO,100,24,O:AA251024C00024000,AA
,OCASPS,call,,american,2025-10-24,BATO,100,25,O:AA251024C00025000,AA
,OCASPS,call,,american,2025-10-24,BATO,100,26,O:AA251024C00026000,AA
,OCASPS,call,,american,2025-10-24,BATO,100,27,O:AA251024C00027000,AA
,OCASPS,call,,american,2025-10-24,BATO,100,28,O:AA251024C00028000,AA
,OCASPS,call,,american,2025-10-24,BATO,100,29,O:AA251024C00029000,AA
,OCASPS,call,,american,2025-10-24,BATO,100,30,O:AA251024C00030000,AA
,OCASPS,call,,american,2025-10-24,BATO,100,31,O:AA251024C00031000,AA
,OCASPS,call,,american,2025-10-24,BATO,100,32,O:AA251024C00032000,AA
,OCASPS,call,,american,2025-10-24,BATO,100,33,O:AA251024C00033000,AA
,OCASPS,call,,american,2025-10-24,BATO,100,34,O:AA251024C00034000,AA
,OCASPS,call,,american,2025-10-24,BATO,100,35,O:AA251024C00035000,AA
,OCASPS,call,,american,2025-10-24,BATO,100,36,O:AA251024C00036000,AA
,OCASPS,call,,american,2025-10-24,BATO,100,37,O:AA251024C00037000,AA
,OCASPS,call,,american,2025-10-24,BATO,100,38,O:AA251024C00038000,AA
,OCASPS,call,,american,2025-10-24,BATO,100,39,O:AA251024C00039000,AA
,OCASPS,call,,american,2025-10-24,BATO,100,40,O:AA251024C00040000,AA
,OCASPS,call,,american,2025-10-24,BATO,100,41,O:AA251024C00041000,AA
,OPASPS,put,,american,2025-10-24,BATO,100,20,O:AA251024P00020000,AA
,OPASPS,put,,american,2025-10-24,BATO,100,21,O:AA251024P00021000,AA
,OPASPS,put,,american,2025-10-24,BATO,100,22,O:AA251024P00022000,AA
,OPASPS,put,,american,2025-10-24,BATO,100,23,O:AA251024P00023000,AA
,OPASPS,put,,american,2025-10-24,BATO,100,24,O:AA251024P00024000,AA
,OPASPS,put,,american,2025-10-24,BATO,100,25,O:AA251024P00025000,AA
,OPASPS,put,,american,2025-10-24,BATO,100,26,O:AA251024P00026000,AA
,OPASPS,put,,american,2025-10-24,BATO,100,27,O:AA251024P00027000,AA
,OPASPS,put,,american,2025-10-24,BATO,100,28,O:AA251024P00028000,AA
,OPASPS,put,,american,2025-10-24,BATO,100,29,O:AA251024P00029000,AA
,OPASPS,put,,american,2025-10-24,BATO,100,30,O:AA251024P00030000,AA
,OPASPS,put,,american,2025-10-24,BATO,100,31,O:AA251024P00031000,AA
,OPASPS,put,,american,2025-10-24,BATO,100,32,O:AA251024P00032000,AA
,OPASPS,put,,american,2025-10-24,BATO,100,33,O:AA251024P00033000,AA
,OPASPS,put,,american,2025-10-24,BATO,100,34,O:AA251024P00034000,AA
,OPASPS,put,,american,2025-10-24,BATO,100,35,O:AA251024P00035000,AA
,OPASPS,put,,american,2025-10-24,BATO,100,36,O:AA251024P00036000,AA
,OPASPS,put,,american,2025-10-24,BATO,100,37,O:AA251024P00037000,AA
,OPASPS,put,,american,2025-10-24,BATO,100,38,O:AA251024P00038000,AA
,OPASPS,put,,american,2025-10-24,BATO,100,39,O:AA251024P00039000,AA
,OPASPS,put,,american,2025-10-24,BATO,100,40,O:AA251024P00040000,AA
,OPASPS,put,,american,2025-10-24,BATO,100,41,O:AA251024P00041000,AA
,OCASPS,call,,american,2025-10-31,BATO,100,21,O:AA251031C00021000,AA
,OCASPS,call,,american,2025-10-31,BATO,100,22,O:AA251031C00022000,AA
,OCASPS,call,,american,2025-10-31,BATO,100,23,O:AA251031C00023000,AA
,OCASPS,call,,american,2025-10-31,BATO,100,24,O:AA251031C00024000,AA
,OCASPS,call,,american,2025-10-31,BATO,100,25,O:AA251031C00025000,AA
,OCASPS,call,,american,2025-10-31,BATO,100,26,O:AA251031C00026000,AA
,OCASPS,call,,american,2025-10-31,BATO,100,27,O:AA251031C00027000,AA
,OCASPS,call,,american,2025-10-31,BATO,100,28,O:AA251031C00028000,AA
,OCASPS,call,,american,2025-10-31,BATO,100,29,O:AA251031C00029000,AA
,OCASPS,call,,american,2025-10-31,BATO,100,30,O:AA251031C00030000,AA
,OCASPS,call,,american,2025-10-31,BATO,100,31,O:AA251031C00031000,AA
,OCASPS,call,,american,2025-10-31,BATO,100,32,O:AA251031C00032000,AA
,OCASPS,call,,american,2025-10-31,BATO,100,33,O:AA251031C00033000,AA
,OCASPS,call,,american,2025-10-31,BATO,100,34,O:AA251031C00034000,AA
,OCASPS,call,,american,2025-10-31,BATO,100,35,O:AA251031C00035000,AA
,OCASPS,call,,american,2025-10-31,BATO,100,36,O:AA251031C00036000,AA
,OCASPS,call,,american,2025-10-31,BATO,100,37,O:AA251031C00037000,AA
,OCASPS,call,,american,2025-10-31,BATO,100,38,O:AA251031C00038000,AA
,OCASPS,call,,american,2025-10-31,BATO,100,39,O:AA251031C00039000,AA
,OCASPS,call,,american,2025-10-31,BATO,100,40,O:AA251031C00040000,AA
,OCASPS,call,,american,2025-10-31,BATO,100,41,O:AA251031C00041000,AA
,OPASPS,put,,american,2025-10-31,BATO,100,21,O:AA251031P00021000,AA
,OPASPS,put,,american,2025-10-31,BATO,100,22,O:AA251031P00022000,AA
,OPASPS,put,,american,2025-10-31,BATO,100,23,O:AA251031P00023000,AA
,OPASPS,put,,american,2025-10-31,BATO,100,24,O:AA251031P00024000,AA
,OPASPS,put,,american,2025-10-31,BATO,100,25,O:AA251031P00025000,AA
,OPASPS,put,,american,2025-10-31,BATO,100,26,O:AA251031P00026000,AA
,OPASPS,put,,american,2025-10-31,BATO,100,27,O:AA251031P00027000,AA
,OPASPS,put,,american,2025-10-31,BATO,100,28,O:AA251031P00028000,AA
,OPASPS,put,,american,2025-10-31,BATO,100,29,O:AA251031P00029000,AA
,OPASPS,put,,american,2025-10-31,BATO,100,30,O:AA251031P00030000,AA
,OPASPS,put,,american,2025-10-31,BATO,100,31,O:AA251031P00031000,AA
,OPASPS,put,,american,2025-10-31,BATO,100,32,O:AA251031P00032000,AA
,OPASPS,put,,american,2025-10-31,BATO,100,33,O:AA251031P00033000,AA
,OPASPS,put,,american,2025-10-31,BATO,100,34,O:AA251031P00034000,AA
,OPASPS,put,,american,2025-10-31,BATO,100,35,O:AA251031P00035000,AA
,OPASPS,put,,american,2025-10-31,BATO,100,36,O:AA251031P00036000,AA
,OPASPS,put,,american,2025-10-31,BATO,100,37,O:AA251031P00037000,AA
,OPASPS,put,,american,2025-10-31,BATO,100,38,O:AA251031P00038000,AA
,OPASPS,put,,american,2025-10-31,BATO,100,39,O:AA251031P00039000,AA
,OPASPS,put,,american,2025-10-31,BATO,100,40,O:AA251031P00040000,AA
,OPASPS,put,,american,2025-10-31,BATO,100,41,O:AA251031P00041000,AA
,OCASPS,call,,american,2025-11-21,BATO,100,17.5,O:AA251121C00017500,AA
,OCASPS,call,,american,2025-11-21,BATO,100,20,O:AA251121C00020000,AA
,OCASPS,call,,american,2025-11-21,BATO,100,22.5,O:AA251121C00022500,AA
,OCASPS,call,,american,2025-11-21,BATO,100,25,O:AA251121C00025000,AA
,OCASPS,call,,american,2025-11-21,BATO,100,30,O:AA251121C00030000,AA
,OCASPS,call,,american,2025-11-21,BATO,100,35,O:AA251121C00035000,AA
,OCASPS,call,,american,2025-11-21,BATO,100,40,O:AA251121C00040000,AA
,OCASPS,call,,american,2025-11-21,BATO,100,45,O:AA251121C00045000,AA
,OPASPS,put,,american,2025-11-21,BATO,100,17.5,O:AA251121P00017500,AA
,OPASPS,put,,american,2025-11-21,BATO,100,20,O:AA251121P00020000,AA
,OPASPS,put,,american,2025-11-21,BATO,100,22.5,O:AA251121P00022500,AA
,OPASPS,put,,american,2025-11-21,BATO,100,25,O:AA251121P00025000,AA
,OPASPS,put,,american,2025-11-21,BATO,100,30,O:AA251121P00030000,AA
,OPASPS,put,,american,2025-11-21,BATO,100,35,O:AA251121P00035000,AA
,OPASPS,put,,american,2025-11-21,BATO,100,40,O:AA251121P00040000,AA
,OPASPS,put,,american,2025-11-21,BATO,100,45,O:AA251121P00045000,AA
,OCASPS,call,,american,2026-01-16,BATO,100,12.5,O:AA260116C00012500,AA
,OCASPS,call,,american,2026-01-16,BATO,100,15,O:AA260116C00015000,AA
,OCASPS,call,,american,2026-01-16,BATO,100,17.5,O:AA260116C00017500,AA
,OCASPS,call,,american,2026-01-16,BATO,100,20,O:AA260116C00020000,AA
,OCASPS,call,,american,2026-01-16,BATO,100,22.5,O:AA260116C00022500,AA
,OCASPS,call,,american,2026-01-16,BATO,100,25,O:AA260116C00025000,AA
,OCASPS,call,,american,2026-01-16,BATO,100,30,O:AA260116C00030000,AA
,OCASPS,call,,american,2026-01-16,BATO,100,35,O:AA260116C00035000,AA
,OCASPS,call,,american,2026-01-16,BATO,100,40,O:AA260116C00040000,AA
,OCASPS,call,,american,2026-01-16,BATO,100,45,O:AA260116C00045000,AA
,OCASPS,call,,american,2026-01-16,BATO,100,50,O:AA260116C00050000,AA
,OCASPS,call,,american,2026-01-16,BATO,100,55,O:AA260116C00055000,AA
,OCASPS,call,,american,2026-01-16,BATO,100,60,O:AA260116C00060000,AA
,OCASPS,call,,american,2026-01-16,BATO,100,65,O:AA260116C00065000,AA
,OPASPS,put,,american,2026-01-16,BATO,100,12.5,O:AA260116P00012500,AA
,OPASPS,put,,american,2026-01-16,BATO,100,15,O:AA260116P00015000,AA
,OPASPS,put,,american,2026-01-16,BATO,100,17.5,O:AA260116P00017500,AA
,OPASPS,put,,american,2026-01-16,BATO,100,20,O:AA260116P00020000,AA
,OPASPS,put,,american,2026-01-16,BATO,100,22.5,O:AA260116P00022500,AA
,OPASPS,put,,american,2026-01-16,BATO,100,25,O:AA260116P00025000,AA
,OPASPS,put,,american,2026-01-16,BATO,100,30,O:AA260116P00030000,AA
,OPASPS,put,,american,2026-01-16,BATO,100,35,O:AA260116P00035000,AA
,OPASPS,put,,american,2026-01-16,BATO,100,40,O:AA260116P00040000,AA
,OPASPS,put,,american,2026-01-16,BATO,100,45,O:AA260116P00045000,AA
,OPASPS,put,,american,2026-01-16,BATO,100,50,O:AA260116P00050000,AA
,OPASPS,put,,american,2026-01-16,BATO,100,55,O:AA260116P00055000,AA
,OPASPS,put,,american,2026-01-16,BATO,100,60,O:AA260116P00060000,AA
,OPASPS,put,,american,2026-01-16,BATO,100,65,O:AA260116P00065000,AA
,OCASPS,call,,american,2026-03-20,BATO,100,12.5,O:AA260320C00012500,AA
,OCASPS,call,,american,2026-03-20,BATO,100,15,O:AA260320C00015000,AA
,OCASPS,call,,american,2026-03-20,BATO,100,17.5,O:AA260320C00017500,AA
,OCASPS,call,,american,2026-03-20,BATO,100,20,O:AA260320C00020000,AA
,OCASPS,call,,american,2026-03-20,BATO,100,22.5,O:AA260320C00022500,AA
,OCASPS,call,,american,2026-03-20,BATO,100,25,O:AA260320C00025000,AA
,OCASPS,call,,american,2026-03-20,BATO,100,30,O:AA260320C00030000,AA
,OCASPS,call,,american,2026-03-20,BATO,100,35,O:AA260320C00035000,AA
,OCASPS,call,,american,2026-03-20,BATO,100,40,O:AA260320C00040000,AA
,OCASPS,call,,american,2026-03-20,BATO,100,45,O:AA260320C00045000,AA
,OCASPS,call,,american,2026-03-20,BATO,100,50,O:AA260320C00050000,AA
,OCASPS,call,,american,2026-03-20,BATO,100,55,O:AA260320C00055000,AA
,OPASPS,put,,american,2026-03-20,BATO,100,12.5,O:AA260320P00012500,AA
,OPASPS,put,,american,2026-03-20,BATO,100,15,O:AA260320P00015000,AA
,OPASPS,put,,american,2026-03-20,BATO,100,17.5,O:AA260320P00017500,AA
,OPASPS,put,,american,2026-03-20,BATO,100,20,O:AA260320P00020000,AA
,OPASPS,put,,american,2026-03-20,BATO,100,22.5,O:AA260320P00022500,AA
,OPASPS,put,,american,2026-03-20,BATO,100,25,O:AA260320P00025000,AA
,OPASPS,put,,american,2026-03-20,BATO,100,30,O:AA260320P00030000,AA
,OPASPS,put,,american,2026-03-20,BATO,100,35,O:AA260320P00035000,AA
,OPASPS,put,,american,2026-03-20,BATO,100,40,O:AA260320P00040000,AA
,OPASPS,put,,american,2026-03-20,BATO,100,45,O:AA260320P00045000,AA
,OPASPS,put,,american,2026-03-20,BATO,100,50,O:AA260320P00050000,AA
,OPASPS,put,,american,2026-03-20,BATO,100,55,O:AA260320P00055000,AA
,OCASPS,call,,american,2026-04-17,BATO,100,15,O:AA260417C00015000,AA
,OCASPS,call,,american,2026-04-17,BATO,100,17.5,O:AA260417C00017500,AA
,OCASPS,call,,american,2026-04-17,BATO,100,20,O:AA260417C00020000,AA
,OCASPS,call,,american,2026-04-17,BATO,100,22.5,O:AA260417C00022500,AA
,OCASPS,call,,american,2026-04-17,BATO,100,25,O:AA260417C00025000,AA
,OCASPS,call,,american,2026-04-17,BATO,100,30,O:AA260417C00030000,AA
,OCASPS,call,,american,2026-04-17,BATO,100,35,O:AA260417C00035000,AA
,OCASPS,call,,american,2026-04-17,BATO,100,40,O:AA260417C00040000,AA
,OCASPS,call,,american,2026-04-17,BATO,100,45,O:AA260417C00045000,AA
,OPASPS,put,,american,2026-04-17,BATO,100,15,O:AA260417P00015000,AA
,OPASPS,put,,american,2026-04-17,BATO,100,17.5,O:AA260417P00017500,AA
,OPASPS,put,,american,2026-04-17,BATO,100,20,O:AA260417P00020000,AA
,OPASPS,put,,american,2026-04-17,BATO,100,22.5,O:AA260417P00022500,AA
,OPASPS,put,,american,2026-04-17,BATO,100,25,O:AA260417P00025000,AA
,OPASPS,put,,american,2026-04-17,BATO,100,30,O:AA260417P00030000,AA
,OPASPS,put,,american,2026-04-17,BATO,100,35,O:AA260417P00035000,AA
,OPASPS,put,,american,2026-04-17,BATO,100,40,O:AA260417P00040000,AA
,OPASPS,put,,american,2026-04-17,BATO,100,45,O:AA260417P00045000,AA
,OCASPS,call,,american,2026-06-18,BATO,100,12.5,O:AA260618C00012500,AA
,OCASPS,call,,american,2026-06-18,BATO,100,15,O:AA260618C00015000,AA
,OCASPS,call,,american,2026-06-18,BATO,100,17.5,O:AA260618C00017500,AA
,OCASPS,call,,american,2026-06-18,BATO,100,20,O:AA260618C00020000,AA
,OCASPS,call,,american,2026-06-18,BATO,100,22.5,O:AA260618C00022500,AA
,OCASPS,call,,american,2026-06-18,BATO,100,25,O:AA260618C00025000,AA
,OCASPS,call,,american,2026-06-18,BATO,100,30,O:AA260618C00030000,AA
,OCASPS,call,,american,2026-06-18,BATO,100,35,O:AA260618C00035000,AA
,OCASPS,call,,american,2026-06-18,BATO,100,40,O:AA260618C00040000,AA
,OCASPS,call,,american,2026-06-18,BATO,100,45,O:AA260618C00045000,AA
,OCASPS,call,,american,2026-06-18,BATO,100,50,O:AA260618C00050000,AA
,OPASPS,put,,american,2026-06-18,BATO,100,12.5,O:AA260618P00012500,AA
,OPASPS,put,,american,2026-06-18,BATO,100,15,O:AA260618P00015000,AA
,OPASPS,put,,american,2026-06-18,BATO,100,17.5,O:AA260618P00017500,AA
,OPASPS,put,,american,2026-06-18,BATO,100,20,O:AA260618P00020000,AA
,OPASPS,put,,american,2026-06-18,BATO,100,22.5,O:AA260618P00022500,AA
,OPASPS,put,,american,2026-06-18,BATO,100,25,O:AA260618P00025000,AA
,OPASPS,put,,american,2026-06-18,BATO,100,30,O:AA260618P00030000,AA
,OPASPS,put,,american,2026-06-18,BATO,100,35,O:AA260618P00035000,AA
,OPASPS,put,,american,2026-06-18,BATO,100,40,O:AA260618P00040000,AA
,OPASPS,put,,american,2026-06-18,BATO,100,45,O:AA260618P00045000,AA
,OPASPS,put,,american,2026-06-18,BATO,100,50,O:AA260618P00050000,AA
,OCASPS,call,,american,2026-09-18,BATO,100,15,O:AA260918C00015000,AA
,OCASPS,call,,american,2026-09-18,BATO,100,17.5,O:AA260918C00017500,AA
,OCASPS,call,,american,2026-09-18,BATO,100,20,O:AA260918C00020000,AA
,OCASPS,call,,american,2026-09-18,BATO,100,22.5,O:AA260918C00022500,AA
,OCASPS,call,,american,2026-09-18,BATO,100,25,O:AA260918C00025000,AA
,OCASPS,call,,american,2026-09-18,BATO,100,30,O:AA260918C00030000,AA
,OCASPS,call,,american,2026-09-18,BATO,100,35,O:AA260918C00035000,AA
,OCASPS,call,,american,2026-09-18,BATO,100,40,O:AA260918C00040000,AA
,OCASPS,call,,american,2026-09-18,BATO,100,45,O:AA260918C00045000,AA
,OPASPS,put,,american,2026-09-18,BATO,100,15,O:AA260918P00015000,AA
,OPASPS,put,,american,2026-09-18,BATO,100,17.5,O:AA260918P00017500,AA
,OPASPS,put,,american,2026-09-18,BATO,100,20,O:AA260918P00020000,AA
,OPASPS,put,,american,2026-09-18,BATO,100,22.5,O:AA260918P00022500,AA
,OPASPS,put,,american,2026-09-18,BATO,100,25,O:AA260918P00025000,AA
,OPASPS,put,,american,2026-09-18,BATO,100,30,O:AA260918P00030000,AA
,OPASPS,put,,american,2026-09-18,BATO,100,35,O:AA260918P00035000,AA
,OPASPS,put,,american,2026-09-18,BATO,100,40,O:AA260918P00040000,AA
,OPASPS,put,,american,2026-09-18,BATO,100,45,O:AA260918P00045000,AA
